candidate_patch_source,execution_id,instance_id,repetition,difficulty,repo,candidate_patch_hash,input_label,mas_ops_decision,decided_by,justification,alternative_patch,alternative_label,guardian_iterations,agents_invoked,total_tokens,duration_seconds,confusion_matrix_cell,harness_input_report_path,harness_alternative_report_path,timestamp_start,timestamp_end,error_message,tokens_by_agent__detective,tokens_by_agent__fixer,tokens_by_agent__fixer_guardian,tokens_by_agent__executor_guardian
gold,rodada-1-astropy__astropy-13398-rep1-gold-32398040,astropy__astropy-13398,1,hard,astropy/astropy,5124ad079250b101,resolved,approve,detective,(no justification produced),,none,0,"detective_pr,communicator",0,14.757,TP,logs/run_evaluation/eval-rodada-1-astropy__astropy-13398-gold-input-rep1/masops-eval/astropy__astropy-13398/report.json,,2026-05-18T15:01:37.848740+00:00,2026-05-18T15:04:01.381301+00:00,,0,,,
synthetic_invert_conditional,rodada-1-astropy__astropy-13398-rep1-synthetic_invert_conditional-b560dc57,astropy__astropy-13398,1,hard,astropy/astropy,0ac03ebee20afe5f,resolved,approve,detective,(no justification produced),,none,0,"detective_pr,communicator",5853,16.863,TP,logs/run_evaluation/eval-rodada-1-astropy__astropy-13398-synthetic_invert_conditional-input-rep1/masops-eval/astropy__astropy-13398/report.json,,2026-05-18T15:04:01.382342+00:00,2026-05-18T15:05:59.112217+00:00,,5853,,,
gold,rodada-1-astropy__astropy-8707-rep1-gold-f64b59bf,astropy__astropy-8707,1,medium,astropy/astropy,f993c1ada6f19bcd,not_resolved,approve,detective,Detective root_cause: No material issues found,,none,0,"detective_pr,communicator",3466,18.195,FP,logs/run_evaluation/eval-rodada-1-astropy__astropy-8707-gold-input-rep1/masops-eval/astropy__astropy-8707/report.json,,2026-05-18T14:34:19.326110+00:00,2026-05-18T14:35:32.679376+00:00,,3466,,,
synthetic_remove_addition,rodada-1-astropy__astropy-8707-rep1-synthetic_remove_addition-41427478,astropy__astropy-8707,1,medium,astropy/astropy,09fa56149726610e,not_resolved,reject,fixer_guardian_loop,"Detective root_cause: The PR updates the docstring for `Header.fromstring` to document support for `bytes` type data (decoded via latin-1), but the actual implementation code to decode `bytes` to a string is missing in `astropy/io/fits/header.py`. Only `Card.fromstring` received the implementation.

Guardian notes: The plan correctly identifies the root cause: `Header.fromstring` has an updated docstring claiming `bytes` support but lacks the actual implementation. The fix mirrors the pattern already established in `Card.fromstring`. The proposed change is minimal, targeted, and low-risk — it only affects the `bytes` input path, leaving the existing string handling untouched. The decoding approach (latin-1) is consistent with the FITS standard and with what was done in `Card.fromstring`.

Suggestions: Consider adding or verifying a unit test that passes a `bytes` object to `Header.fromstring` to confirm the decode path works end-to-end.; Ensure the placement of the `isinstance(data, bytes)` check is before any string operations (e.g., before `splitlines` or card parsing) to avoid subtle ordering bugs.","diff --git a/astropy/io/fits/header.py b/astropy/io/fits/header.py
index ad07e6d52d..5bc5cb1d24 100644
--- a/astropy/io/fits/header.py
+++ b/astropy/io/fits/header.py
@@ -350,6 +350,11 @@ class Header:
 
         cards = []
 
+        # If the data is a bytes object, decode it using latin-1 (the FITS
+        # standard character encoding) to convert it to a str before parsing.
+        if isinstance(data, bytes):
+            data = data.decode('latin1')
+
         # If the card separator contains characters that may validly appear in
         # a card, the only way to unambiguously distinguish between cards is to
         # require that they be Card.length long.  However, if the separator
",not_resolved,1,"detective_pr,fixer,fixer_guardian,executor_guardian,communicator",27451,102.594,TN,logs/run_evaluation/eval-rodada-1-astropy__astropy-8707-synthetic_remove_addition-input-rep1/masops-eval/astropy__astropy-8707/report.json,logs/run_evaluation/eval-rodada-1-astropy__astropy-8707-synthetic_remove_addition-alt-rep1/masops-eval/astropy__astropy-8707/report.json,2026-05-18T14:35:32.679952+00:00,2026-05-18T14:39:05.728385+00:00,,2507,2134.0,1098.0,21712.0
gold,rodada-1-django__django-10914-rep1-gold-e7735a60,django__django-10914,1,easy,django/django,00d87c8dceb745fb,resolved,approve,detective,Detective root_cause: No material issues found,,none,0,"detective_pr,communicator",1470,5.371,TP,logs/run_evaluation/eval-rodada-1-django__django-10914-gold-input-rep1/masops-eval/django__django-10914/report.json,,2026-05-18T14:07:27.440846+00:00,2026-05-18T14:08:00.665572+00:00,,1470,,,
synthetic_remove_addition,rodada-1-django__django-10914-rep1-synthetic_remove_addition-735ce84c,django__django-10914,1,easy,django/django,97eecf4a5798d137,not_resolved,reject,fixer_guardian_loop,"Detective root_cause: The patch completely removes the `FILE_UPLOAD_PERMISSIONS` setting from `global_settings.py` instead of setting it to a default like 0o644. This will cause an AttributeError at runtime when Django's file storage tries to access `settings.FILE_UPLOAD_PERMISSIONS` if the user hasn't defined it in their own settings.

Guardian notes: The plan correctly identifies the root cause (missing FILE_UPLOAD_PERMISSIONS in global_settings.py causing AttributeError) and proposes a minimal, targeted fix. The single-file modification restores the setting with a sensible default value of 0o644. The steps are clear, executable, and correctly ordered. The scope is minimal - only one setting in one file is touched. The risk is low as this is a straightforward addition of a default value to a settings file.

Suggestions: Consider whether 0o644 is the correct default or if None might be more appropriate (preserving the original behavior where the OS default permissions are used). The original Django behavior before some versions used None to mean 'use OS default', so verify the intended semantic.; Check if any tests need to be updated to reflect the new default value, particularly tests that check FILE_UPLOAD_PERMISSIONS behavior.","diff --git a/django/conf/global_settings.py b/django/conf/global_settings.py
index acee9887d2..bdeec80610 100644
--- a/django/conf/global_settings.py
+++ b/django/conf/global_settings.py
@@ -304,7 +304,7 @@ FILE_UPLOAD_TEMP_DIR = None
 
 # The numeric mode to set newly-uploaded files to. The value should be a mode
 # you'd pass directly to os.chmod; see https://docs.python.org/library/os.html#files-and-directories.
-FILE_UPLOAD_PERMISSIONS = None
+FILE_UPLOAD_PERMISSIONS = 0o644
 
 # The numeric mode to assign to newly-created directories, when uploading files.
 # The value should be a mode as you'd pass to os.chmod;
",resolved,1,"detective_pr,fixer,fixer_guardian,executor_guardian,communicator",14952,124.755,TN,logs/run_evaluation/eval-rodada-1-django__django-10914-synthetic_remove_addition-input-rep1/masops-eval/django__django-10914/report.json,logs/run_evaluation/eval-rodada-1-django__django-10914-synthetic_remove_addition-alt-rep1/masops-eval/django__django-10914/report.json,2026-05-18T14:08:00.666044+00:00,2026-05-18T14:11:01.449140+00:00,,2255,2319.0,1079.0,9299.0
gold,rodada-1-django__django-10973-rep1-gold-cde7849d,django__django-10973,1,medium,django/django,b2453aaccb4103cf,resolved,approve,detective,Detective root_cause: No material issues found,,none,0,"detective_pr,communicator",1985,10.03,TP,logs/run_evaluation/eval-rodada-1-django__django-10973-gold-input-rep1/masops-eval/django__django-10973/report.json,,2026-05-18T14:39:05.728720+00:00,2026-05-18T14:39:47.994298+00:00,,1985,,,
synthetic_expand_scope,rodada-1-django__django-10973-rep1-synthetic_expand_scope-b18f7ee9,django__django-10973,1,medium,django/django,52cb9be27d6dbc57,resolved,approve,detective,Detective root_cause: No material issues found,,none,0,"detective_pr,communicator",2732,14.216,TP,logs/run_evaluation/eval-rodada-1-django__django-10973-synthetic_expand_scope-input-rep1/masops-eval/django__django-10973/report.json,,2026-05-18T14:39:47.995967+00:00,2026-05-18T14:40:30.942426+00:00,,2732,,,
gold,rodada-1-django__django-11087-rep1-gold-16c39b3d,django__django-11087,1,medium,django/django,38dfd449272afdf7,resolved,approve,detective,(no justification produced),,none,0,"detective_pr,communicator",6347,23.868,TP,logs/run_evaluation/eval-rodada-1-django__django-11087-gold-input-rep1/masops-eval/django__django-11087/report.json,,2026-05-18T14:40:30.942782+00:00,2026-05-18T14:41:27.950727+00:00,,6347,,,
synthetic_remove_critical_line,rodada-1-django__django-11087-rep1-synthetic_remove_critical_line-6373a163,django__django-11087,1,medium,django/django,71c23bc6628ead4c,not_resolved,reject,fixer_guardian_loop,"Detective root_cause: The `_has_signal_listeners` method has a syntax error due to a missing `return (` statement, leading to an unmatched closing parenthesis and invalid Python syntax.

Guardian notes: The plan correctly identifies and addresses a syntax error in the `_has_signal_listeners` method in `django/db/models/deletion.py`. The fix is minimal, targeted, and directly resolves the diagnosed root cause (missing `return (` statement causing an unmatched closing parenthesis). The steps are clear and executable, the scope is appropriately limited to the single affected method, and the risk of regression is low since it restores the intended boolean return logic without altering any surrounding code.

Suggestions: Consider verifying the fix against existing tests for signal-related deletion behavior (e.g., `tests/delete/`) to ensure the restored logic produces the expected results in practice.",,none,1,"detective_pr,fixer,fixer_guardian,communicator",7756,75.838,TN,logs/run_evaluation/eval-rodada-1-django__django-11087-synthetic_remove_critical_line-input-rep1/masops-eval/django__django-11087/report.json,,2026-05-18T14:41:27.951271+00:00,2026-05-18T14:43:12.213082+00:00,,5073,1736.0,947.0,
gold,rodada-1-django__django-11885-rep1-gold-8af7c6f0,django__django-11885,1,hard,django/django,c3097c2e23c45888,resolved,approve,detective,Detective root_cause: No material issues found,,none,0,"detective_pr,communicator",3101,15.806,TP,logs/run_evaluation/eval-rodada-1-django__django-11885-gold-input-rep1/masops-eval/django__django-11885/report.json,,2026-05-18T15:05:59.112608+00:00,2026-05-18T15:06:49.433152+00:00,,3101,,,
synthetic_expand_scope,rodada-1-django__django-11885-rep1-synthetic_expand_scope-168e6c8a,django__django-11885,1,hard,django/django,9ae52651ae8266b1,resolved,approve,detective,(no justification produced),,none,0,"detective_pr,communicator",3846,21.193,TP,logs/run_evaluation/eval-rodada-1-django__django-11885-synthetic_expand_scope-input-rep1/masops-eval/django__django-11885/report.json,,2026-05-18T15:06:49.433723+00:00,2026-05-18T15:07:42.310582+00:00,,3846,,,
gold,rodada-1-django__django-12193-rep1-gold-f0be493f,django__django-12193,1,easy,django/django,5cca9d8a9087d9d3,resolved,approve,detective,Detective root_cause: No material issues found,,none,0,"detective_pr,communicator",1942,8.664,TP,logs/run_evaluation/eval-rodada-1-django__django-12193-gold-input-rep1/masops-eval/django__django-12193/report.json,,2026-05-18T14:11:01.449481+00:00,2026-05-18T14:11:42.205284+00:00,,1942,,,
synthetic_invert_conditional,rodada-1-django__django-12193-rep1-synthetic_invert_conditional-ba8df5f9,django__django-12193,1,easy,django/django,ab1ff44fbc49325e,not_resolved,reject,fixer_guardian_loop,"Detective root_cause: The PR introduces a logical error and runtime crash by using `attrs and {}` instead of `attrs or {}`. If `attrs` is a populated dictionary, `attrs and {}` evaluates to `{}`, which silently drops all existing attributes. If `attrs` is `None`, `attrs and {}` evaluates to `None`, which causes a `TypeError: 'NoneType' object is not a mapping` when unpacked with the `**` operator.

Guardian notes: The plan correctly identifies the root cause (logical error using `and` instead of `or` in dictionary unpacking) and proposes a minimal, targeted fix. The single-line change in `django/forms/widgets.py` directly addresses both failure modes: the TypeError when attrs is None, and the silent dropping of attributes when attrs is a populated dictionary. The fix is well-scoped, low-risk, and the steps are clear and executable.

Suggestions: Consider adding a note about verifying existing tests for the `get_context` method pass after the fix, and potentially adding a regression test case that passes a non-empty attrs dict to confirm attributes are preserved.","diff --git a/django/forms/widgets.py b/django/forms/widgets.py
index 6fe220bea7..d83d63c169 100644
--- a/django/forms/widgets.py
+++ b/django/forms/widgets.py
@@ -522,9 +522,7 @@ class CheckboxInput(Input):
 
     def get_context(self, name, value, attrs):
         if self.check_test(value):
-            if attrs is None:
-                attrs = {}
-            attrs['checked'] = True
+            attrs = {**(attrs or {}), 'checked': True}
         return super().get_context(name, value, attrs)
 
     def value_from_datadict(self, data, files, name):
",resolved,1,"detective_pr,fixer,fixer_guardian,executor_guardian,communicator",18225,129.705,TN,logs/run_evaluation/eval-rodada-1-django__django-12193-synthetic_invert_conditional-input-rep1/masops-eval/django__django-12193/report.json,logs/run_evaluation/eval-rodada-1-django__django-12193-synthetic_invert_conditional-alt-rep1/masops-eval/django__django-12193/report.json,2026-05-18T14:11:42.205746+00:00,2026-05-18T14:14:48.600343+00:00,,2603,2044.0,1047.0,12531.0
gold,rodada-1-django__django-12276-rep1-gold-c6e9fc94,django__django-12276,1,easy,django/django,104ede2ba3131ad8,resolved,approve,detective,Detective root_cause: No material issues found,,none,0,"detective_pr,communicator",1608,7.738,TP,logs/run_evaluation/eval-rodada-1-django__django-12276-gold-input-rep1/masops-eval/django__django-12276/report.json,,2026-05-18T14:14:48.600676+00:00,2026-05-18T14:15:28.082246+00:00,,1608,,,
synthetic_expand_scope,rodada-1-django__django-12276-rep1-synthetic_expand_scope-82906b9d,django__django-12276,1,easy,django/django,b158c08d2d024324,resolved,approve,detective,Detective root_cause: No material issues found,,none,0,"detective_pr,communicator",2210,9.685,TP,logs/run_evaluation/eval-rodada-1-django__django-12276-synthetic_expand_scope-input-rep1/masops-eval/django__django-12276/report.json,,2026-05-18T14:15:28.082675+00:00,2026-05-18T14:16:06.212073+00:00,,2210,,,
gold,rodada-1-django__django-12663-rep1-gold-1e3328f0,django__django-12663,1,medium,django/django,aef228ae701c1432,resolved,approve,detective,Detective root_cause: No material issues found,,none,0,"detective_pr,communicator",2430,6.842,TP,logs/run_evaluation/eval-rodada-1-django__django-12663-gold-input-rep1/masops-eval/django__django-12663/report.json,,2026-05-18T14:43:12.213450+00:00,2026-05-18T14:43:53.286438+00:00,,2430,,,
synthetic_remove_addition,rodada-1-django__django-12663-rep1-synthetic_remove_addition-59cd0b11,django__django-12663,1,medium,django/django,c9405fe4327e6092,not_resolved,reject,fixer_guardian_loop,"Detective root_cause: The output_field property no longer returns a value when len(self.select) == 1. The return statement was implicitly removed and replaced with a local variable assignment, causing the property to return None and breaking all callers expecting a field.

Guardian notes: The plan correctly identifies the root cause (missing return statement in output_field property) and proposes a minimal, targeted fix. The approach is to restore the return statement in the single-select branch of the output_field property in django/db/models/sql/query.py. The fix is isolated to one property, reverting an unintentional regression. The risk is low as it restores previously working behavior without altering logic elsewhere.

Suggestions: The step description is slightly redundant ('changing select = self.select[0] to select = self.select[0]'). The final intent should be clearly stated as: replace the block with 'return self.select[0].field' or equivalent to ensure the return is explicit.; Consider adding a regression test to verify that output_field returns the correct field when len(self.select) == 1, to prevent future regressions.",,none,1,"detective_pr,fixer,fixer_guardian,communicator",5771,62.579,TN,logs/run_evaluation/eval-rodada-1-django__django-12663-synthetic_remove_addition-input-rep1/masops-eval/django__django-12663/report.json,,2026-05-18T14:43:53.286865+00:00,2026-05-18T14:45:25.514839+00:00,,2644,2070.0,1057.0,
gold,rodada-1-django__django-12774-rep1-gold-ccaac925,django__django-12774,1,medium,django/django,d0b9b8daa663676e,resolved,approve,detective,Detective root_cause: No material issues found,,none,0,"detective_pr,communicator",2140,8.783,TP,logs/run_evaluation/eval-rodada-1-django__django-12774-gold-input-rep1/masops-eval/django__django-12774/report.json,,2026-05-18T14:45:25.515237+00:00,2026-05-18T14:46:07.056487+00:00,,2140,,,
synthetic_invert_conditional,rodada-1-django__django-12774-rep1-synthetic_invert_conditional-e8c7b536,django__django-12774,1,medium,django/django,d5f17ca74bbec781,not_resolved,reject,fixer_guardian_loop,"Detective root_cause: The condition `field_name != 'pk'` was incorrectly inverted to `field_name == 'pk'`. This bypasses the entirety of the uniqueness verification for any specified field other than the primary key, allowing `in_bulk()` to erroneously accept non-unique fields without raising a ValueError.

Guardian notes: The plan correctly identifies and addresses a simple boolean logic inversion bug in the `in_bulk` method of `django/db/models/query.py`. The fix is minimal, targeted, and directly addresses the root cause. The single-line change from `field_name == 'pk'` to `field_name != 'pk'` restores the intended behavior of validating uniqueness for non-primary-key fields. The plan is complete, feasible, and appropriately scoped.

Suggestions: Consider adding or referencing a test case that verifies `in_bulk()` raises a ValueError when called with a non-unique field, to prevent future regression of this condition.",,none,1,"detective_pr,fixer,fixer_guardian,communicator",4917,65.072,TN,logs/run_evaluation/eval-rodada-1-django__django-12774-synthetic_invert_conditional-input-rep1/masops-eval/django__django-12774/report.json,,2026-05-18T14:46:07.056965+00:00,2026-05-18T14:47:41.980082+00:00,,2252,1689.0,976.0,
gold,rodada-1-django__django-13109-rep1-gold-442e7a7b,django__django-13109,1,easy,django/django,be1eade12da913d4,resolved,approve,detective,Detective root_cause: No material issues found,,none,0,"detective_pr,communicator",1597,5.197,TP,logs/run_evaluation/eval-rodada-1-django__django-13109-gold-input-rep1/masops-eval/django__django-13109/report.json,,2026-05-18T14:16:06.212437+00:00,2026-05-18T14:17:06.727472+00:00,,1597,,,
synthetic_remove_critical_line,rodada-1-django__django-13109-rep1-synthetic_remove_critical_line-1bba269d,django__django-13109,1,easy,django/django,e0991a697527b4a7,not_resolved,reject,fixer_guardian_loop,"Detective root_cause: The patch maliciously or mistakenly removes the start of the `qs` assignment and `filter(` function call, leaving a dangling kwarg `**{...}` and a closing parenthesis. This introduces a SyntaxError and also causes a NameError because `qs` will not be defined on the subsequent line.

Guardian notes: The plan correctly identifies the root cause (a missing line that defines `qs` and begins the `.filter(` call), proposes a single targeted fix to restore that line, and explains why it resolves both the SyntaxError and the NameError. The scope is minimal — only one line in one file is touched. The risk is low since it is a pure revert of a broken removal.

Suggestions: Consider adding a brief unit test or referencing an existing test that exercises the `validate` method to confirm the fix is correct after applying it.",,none,1,"detective_pr,fixer,fixer_guardian,communicator",4626,71.943,TN,logs/run_evaluation/eval-rodada-1-django__django-13109-synthetic_remove_critical_line-input-rep1/masops-eval/django__django-13109/report.json,,2026-05-18T14:17:06.727907+00:00,2026-05-18T14:18:46.488856+00:00,,1983,1646.0,997.0,
gold,rodada-1-django__django-13128-rep1-gold-787104e2,django__django-13128,1,hard,django/django,94a9113eaa93a0d6,resolved,approve,detective,(no justification produced),,none,0,"detective_pr,communicator",3201,14.979,TP,logs/run_evaluation/eval-rodada-1-django__django-13128-gold-input-rep1/masops-eval/django__django-13128/report.json,,2026-05-18T15:07:42.310965+00:00,2026-05-18T15:08:33.227893+00:00,,3201,,,
synthetic_remove_critical_line,rodada-1-django__django-13128-rep1-synthetic_remove_critical_line-26df5a5f,django__django-13128,1,hard,django/django,d1a5b724a1bcf759,not_resolved,reject,fixer_guardian_loop,"Detective root_cause: The PR removes the critical temporal subtraction and duration expression logic from `Combinable.as_sql`. Furthermore, it introduces an incomplete and invalid line `lhs = self.lhs.resolve_express` in `resolve_expression`, which will raise an `AttributeError` due to a typo (should be `resolve_expression()`) and completely break the resolution phase.

Guardian notes: The plan correctly identifies two distinct issues: (1) a typo `resolve_express` that causes an AttributeError, and (2) missing temporal subtraction/duration logic that was removed from `as_sql` without being properly transplanted to `resolve_expression`. The fix targets a single file with a focused correction. The approach of restoring the logic in `resolve_expression` (rather than reverting to `as_sql`) is architecturally sound as resolution-time type checking is the correct phase for such substitutions. The plan is minimal, scoped appropriately, and clearly executable.

Suggestions: The plan should explicitly clarify whether the fix will use `super().resolve_expression(...)` to resolve operands or call `self.lhs.resolve_expression(...)` and `self.rhs.resolve_expression(...)` directly — this distinction matters for correctness when handling nested expressions.; Consider noting that the returned `DurationExpression` or `TemporalSubtraction` nodes themselves need `resolve_expression` called on them (or be constructed with already-resolved operands) to avoid double-resolution issues.; The plan could mention verifying existing test coverage for `DurationExpression` and `TemporalSubtraction` paths to confirm no regressions after the refactor.",,none,1,"detective_pr,fixer,fixer_guardian,communicator",6918,115.657,TN,logs/run_evaluation/eval-rodada-1-django__django-13128-synthetic_remove_critical_line-input-rep1/masops-eval/django__django-13128/report.json,,2026-05-18T15:08:33.228440+00:00,2026-05-18T15:10:58.612481+00:00,,2448,3202.0,1268.0,
gold,rodada-1-django__django-13212-rep1-gold-6dd954c6,django__django-13212,1,hard,django/django,e5289566e5f9bfe9,resolved,approve,detective,(no justification produced),,none,0,"detective_pr,communicator",3394,21.034,TP,logs/run_evaluation/eval-rodada-1-django__django-13212-gold-input-rep1/masops-eval/django__django-13212/report.json,,2026-05-18T15:10:58.612856+00:00,2026-05-18T15:11:54.574957+00:00,,3394,,,
synthetic_remove_addition,rodada-1-django__django-13212-rep1-synthetic_remove_addition-dc427284,django__django-13212,1,hard,django/django,57d808dbe5d2bb93,not_resolved,reject,fixer_guardian_loop,"Detective root_cause: The patch removes the `raise ValidationError(...)` statement inside `URLValidator.__call__` under the `if scheme not in self.schemes:` condition in `django/core/validators.py` but does not replace it. This leaves the `if` block empty, which will cause an `IndentationError` / `SyntaxError` in Python. Additionally, the patch completely removes the `validate` method in `django/forms/fields.py`, which incorrectly drops the `is_finite()` validation.

Guardian notes: The plan correctly identifies two distinct issues: (1) a missing `raise ValidationError(...)` statement in `URLValidator.__call__` that would cause a SyntaxError/IndentationError due to an empty `if` block, and (2) an accidentally deleted `validate` method in `django/forms/fields.py` that drops `is_finite()` validation. Both steps are concrete, targeted, and address the root causes identified by the Detective. The fix is minimal — it only touches the two files where the bugs were introduced, and the changes are restorative in nature (bringing back removed code), which minimizes regression risk.

Suggestions: When restoring the `validate` method in `django/forms/fields.py`, confirm the exact class it belongs to (likely `DecimalField` or `FloatField`) and ensure the method signature and logic match the original precisely, including any `empty_values` guard condition.; Add a regression test or reference existing tests that cover both the scheme validation path in `URLValidator` and the `is_finite()` path in the form field to confirm the fixes are verified.",,none,1,"detective_pr,fixer,fixer_guardian,communicator",7392,89.163,TN,logs/run_evaluation/eval-rodada-1-django__django-13212-synthetic_remove_addition-input-rep1/masops-eval/django__django-13212/report.json,,2026-05-18T15:11:54.575558+00:00,2026-05-18T15:13:53.613099+00:00,,3077,3040.0,1275.0,
gold,rodada-1-django__django-13837-rep1-gold-0eea8582,django__django-13837,1,hard,django/django,43af4ecf3fe14bc7,resolved,approve,detective,(no justification produced),,none,0,"detective_pr,communicator",3369,18.885,TP,logs/run_evaluation/eval-rodada-1-django__django-13837-gold-input-rep1/masops-eval/django__django-13837/report.json,,2026-05-18T15:13:53.613483+00:00,2026-05-18T15:14:48.196823+00:00,,3369,,,
synthetic_invert_conditional,rodada-1-django__django-13837-rep1-synthetic_invert_conditional-8e06cd76,django__django-13837,1,hard,django/django,1c6737bb943ee1f1,not_resolved,reject,fixer_guardian_loop,"Detective root_cause: The conditional `__main__.__spec__ is not None or __main__.__spec__.parent` uses `or` instead of `and`. If `__main__.__spec__` is `None`, the first condition evaluates to `False`, causing the second condition `__main__.__spec__.parent` to be evaluated, which will raise an `AttributeError: 'NoneType' object has no attribute 'parent'`.

Guardian notes: The plan correctly identifies the root cause: using `or` instead of `and` in the conditional causes the second operand to be evaluated even when `__main__.__spec__` is `None`, leading to an `AttributeError`. The fix is minimal, targeted, and directly addresses the bug by changing `or` to `and` to leverage short-circuit evaluation. The change is confined to a single line in one file, minimizing risk of regressions.

Suggestions: Verify the exact line in django/utils/autoreload.py to ensure the condition reads exactly as described before making the change, since the original may have a slightly different structure (e.g., it could be `__main__.__spec__ is not None or __main__.__spec__.parent` or a variant).; Consider adding or referencing an existing test case that sets `__main__.__spec__` to `None` to confirm the fix prevents the AttributeError.","diff --git a/django/utils/autoreload.py b/django/utils/autoreload.py
index b8efb9f881..d35883122f 100644
--- a/django/utils/autoreload.py
+++ b/django/utils/autoreload.py
@@ -216,14 +216,13 @@ def get_child_arguments():
     executable is reported to not have the .exe extension which can cause bugs
     on reloading.
     """"""
-    import django.__main__
-    django_main_path = Path(django.__main__.__file__)
+    import __main__
     py_script = Path(sys.argv[0])
 
     args = [sys.executable] + ['-W%s' % o for o in sys.warnoptions]
-    if py_script == django_main_path:
-        # The server was started with `python -m django runserver`.
-        args += ['-m', 'django']
+    if __main__.__spec__ is not None and __main__.__spec__.parent:
+        # The server was started with `python -m pkg runserver`.
+        args += ['-m', __main__.__spec__.parent]
         args += sys.argv[1:]
     elif not py_script.exists():
         # sys.argv[0] may not exist for several reasons on Windows.
",resolved,1,"detective_pr,fixer,fixer_guardian,executor_guardian,communicator",14767,139.921,TN,logs/run_evaluation/eval-rodada-1-django__django-13837-synthetic_invert_conditional-input-rep1/masops-eval/django__django-13837/report.json,logs/run_evaluation/eval-rodada-1-django__django-13837-synthetic_invert_conditional-alt-rep1/masops-eval/django__django-13837/report.json,2026-05-18T15:14:48.197318+00:00,2026-05-18T15:18:10.462528+00:00,,2720,1857.0,1071.0,9119.0
gold,rodada-1-django__django-14580-rep1-gold-e410ee33,django__django-14580,1,easy,django/django,b86a035653ee3b5d,resolved,approve,detective,Detective root_cause: No material issues found,,none,0,"detective_pr,communicator",1673,5.253,TP,logs/run_evaluation/eval-rodada-1-django__django-14580-gold-input-rep1/masops-eval/django__django-14580/report.json,,2026-05-18T14:18:46.489256+00:00,2026-05-18T14:19:47.884966+00:00,,1673,,,
synthetic_remove_addition,rodada-1-django__django-14580-rep1-synthetic_remove_addition-7fb0590f,django__django-14580,1,easy,django/django,762f3535b5a51814,not_resolved,approve,detective,(no justification produced),,none,0,"detective_pr,communicator",3254,20.606,FP,logs/run_evaluation/eval-rodada-1-django__django-14580-synthetic_remove_addition-input-rep1/masops-eval/django__django-14580/report.json,,2026-05-18T14:19:47.885397+00:00,2026-05-18T14:20:34.790156+00:00,,3254,,,
gold,rodada-1-django__django-14792-rep1-gold-11e29c8e,django__django-14792,1,easy,django/django,f8e961d2a0cd91d6,resolved,approve,detective,(no justification produced),,none,0,"detective_pr,communicator",3282,21.251,TP,logs/run_evaluation/eval-rodada-1-django__django-14792-gold-input-rep1/masops-eval/django__django-14792/report.json,,2026-05-18T14:20:34.790511+00:00,2026-05-18T14:21:26.799986+00:00,,3282,,,
synthetic_invert_conditional,rodada-1-django__django-14792-rep1-synthetic_invert_conditional-679d7d2a,django__django-14792,1,easy,django/django,63c549265202836e,resolved,approve,detective,(no justification produced),,none,0,"detective_pr,communicator",3286,20.638,TP,logs/run_evaluation/eval-rodada-1-django__django-14792-synthetic_invert_conditional-input-rep1/masops-eval/django__django-14792/report.json,,2026-05-18T14:21:26.800456+00:00,2026-05-18T14:22:13.688004+00:00,,3286,,,
gold,rodada-1-django__django-15128-rep1-gold-51ccd730,django__django-15128,1,hard,django/django,8c9e92991c30d98e,resolved,approve,detective,Detective root_cause: No material issues found,,none,0,"detective_pr,communicator",3674,18.508,TP,logs/run_evaluation/eval-rodada-1-django__django-15128-gold-input-rep1/masops-eval/django__django-15128/report.json,,2026-05-18T15:18:10.462865+00:00,2026-05-18T15:19:03.398643+00:00,,3674,,,
synthetic_expand_scope,rodada-1-django__django-15128-rep1-synthetic_expand_scope-334f5770,django__django-15128,1,hard,django/django,1d7378aa4cba165b,resolved,approve,detective,(no justification produced),,none,0,"detective_pr,communicator",4017,19.877,TP,logs/run_evaluation/eval-rodada-1-django__django-15128-synthetic_expand_scope-input-rep1/masops-eval/django__django-15128/report.json,,2026-05-18T15:19:03.399127+00:00,2026-05-18T15:19:53.213884+00:00,,4017,,,
gold,rodada-1-django__django-15368-rep1-gold-f547fbce,django__django-15368,1,easy,django/django,ae13d00936775e00,resolved,approve,detective,Detective root_cause: No material issues found,,none,0,"detective_pr,communicator",1919,7.136,TP,logs/run_evaluation/eval-rodada-1-django__django-15368-gold-input-rep1/masops-eval/django__django-15368/report.json,,2026-05-18T14:22:13.688372+00:00,2026-05-18T14:23:20.854894+00:00,,1919,,,
synthetic_expand_scope,rodada-1-django__django-15368-rep1-synthetic_expand_scope-97da06cc,django__django-15368,1,easy,django/django,3a184f4c68044969,resolved,approve,detective,Detective root_cause: No material issues found,,none,0,"detective_pr,communicator",2696,10.327,TP,logs/run_evaluation/eval-rodada-1-django__django-15368-synthetic_expand_scope-input-rep1/masops-eval/django__django-15368/report.json,,2026-05-18T14:23:20.855348+00:00,2026-05-18T14:23:58.360875+00:00,,2696,,,
gold,rodada-1-django__django-15525-rep1-gold-39936f94,django__django-15525,1,medium,django/django,5682a1d4b556208f,resolved,approve,detective,Detective root_cause: No material issues found,,none,0,"detective_pr,communicator",3643,16.897,TP,logs/run_evaluation/eval-rodada-1-django__django-15525-gold-input-rep1/masops-eval/django__django-15525/report.json,,2026-05-18T14:47:41.981199+00:00,2026-05-18T14:48:31.723035+00:00,,3643,,,
synthetic_expand_scope,rodada-1-django__django-15525-rep1-synthetic_expand_scope-cfbe4937,django__django-15525,1,medium,django/django,4c08713135693ee0,resolved,approve,detective,Detective root_cause: No material issues found,,none,0,"detective_pr,communicator",3639,14.566,TP,logs/run_evaluation/eval-rodada-1-django__django-15525-synthetic_expand_scope-input-rep1/masops-eval/django__django-15525/report.json,,2026-05-18T14:48:31.723450+00:00,2026-05-18T14:49:14.509875+00:00,,3639,,,
gold,rodada-1-django__django-16032-rep1-gold-f5aebd60,django__django-16032,1,medium,django/django,6c6c9fc490767cb2,resolved,approve,detective,Detective root_cause: No material issues found,,none,0,"detective_pr,communicator",3291,14.976,TP,logs/run_evaluation/eval-rodada-1-django__django-16032-gold-input-rep1/masops-eval/django__django-16032/report.json,,2026-05-18T14:49:14.510269+00:00,2026-05-18T14:50:01.396129+00:00,,3291,,,
synthetic_remove_critical_line,rodada-1-django__django-16032-rep1-synthetic_remove_critical_line-229f662e,django__django-16032,1,medium,django/django,2375e69dff3c2945,resolved,reject,fixer_guardian_loop,"Detective root_cause: The PR synthetically removes `self.rhs.clear_select_clause()` and `self.rhs.add_fields([target_field], True)` in `django/db/models/fields/related_lookups.py`. Without these lines, subqueries used in related lookups (like `__in`) will select all fields rather than correctly clearing the selection and selecting only the single target field. This causes a SQL OperationalError (e.g., 'sub-select returns X columns - expected 1') because the subquery returns too many columns.

Guardian notes: The plan correctly identifies the root cause (accidental removal of two method calls) and proposes a minimal, targeted fix by restoring exactly those two lines in the correct location within `get_prep_lookup`. The scope is minimal (single file, single method), the steps are clear and executable, and the risk is low since this is a revert of an incorrect deletion back to known-good behavior. No regressions are expected as the restored logic was previously stable.

Suggestions: Consider adding or referencing a regression test that verifies subqueries in related lookups (e.g., __in with a QuerySet) return only the target field, to prevent this from being accidentally removed again in the future.",,none,1,"detective_pr,fixer,fixer_guardian,communicator",7094,81.662,FN,logs/run_evaluation/eval-rodada-1-django__django-16032-synthetic_remove_critical_line-input-rep1/masops-eval/django__django-16032/report.json,,2026-05-18T14:50:01.396620+00:00,2026-05-18T14:51:50.705132+00:00,,2978,2957.0,1159.0,
gold,rodada-1-django__django-16082-rep1-gold-e430ebe6,django__django-16082,1,medium,django/django,ee0a1ef29dd7866b,resolved,approve,detective,Detective root_cause: No material issues found,,none,0,"detective_pr,communicator",1096,4.865,TP,logs/run_evaluation/eval-rodada-1-django__django-16082-gold-input-rep1/masops-eval/django__django-16082/report.json,,2026-05-18T14:51:50.705491+00:00,2026-05-18T14:52:28.594560+00:00,,1096,,,
synthetic_remove_addition,rodada-1-django__django-16082-rep1-synthetic_remove_addition-39dae3f4,django__django-16082,1,medium,django/django,4e6b73f608f36952,error,reject,fixer_guardian_loop,"Detective root_cause: The PR misses adding `Combinable.MOD` to the tuple of mathematical operators (alongside `Combinable.SUB`, `Combinable.MUL`, and `Combinable.DIV`) used for numeric type resolution. As a result, when MOD is applied with mixed field types like Decimal and Integer, it will fail to resolve the result to a Decimal type, leaving the core issue unresolved.

Guardian notes: The plan is complete, minimal, and directly addresses the root cause. The fix is localized to a single file and a single tuple modification, adding `Combinable.MOD` alongside the existing mathematical operators (`SUB`, `MUL`, `DIV`) for numeric type resolution. The approach is consistent with the existing pattern in the codebase, and the risk of regression is very low since it only extends existing behavior to cover the MOD operator.

Suggestions: Consider verifying that a test case covering MOD with mixed Decimal/Integer types is added or already exists to prevent future regressions.; Confirm that `Combinable.MOD` is already defined in the same file or properly imported before the tuple is referenced, to avoid any NameError.",,none,1,"detective_pr,fixer,fixer_guardian,communicator",4440,69.393,,logs/run_evaluation/eval-rodada-1-django__django-16082-synthetic_remove_addition-input-rep1/<unknown>/django__django-16082/report.json,,2026-05-18T14:52:28.595027+00:00,2026-05-18T14:53:58.401769+00:00,,1986,1381.0,1073.0,
gold,rodada-1-django__django-16502-rep1-gold-d3832df2,django__django-16502,1,medium,django/django,a4cd5d618966b271,resolved,approve,detective,(no justification produced),,none,0,"detective_pr,communicator",3644,21.77,TP,logs/run_evaluation/eval-rodada-1-django__django-16502-gold-input-rep1/masops-eval/django__django-16502/report.json,,2026-05-18T14:53:58.402174+00:00,2026-05-18T14:55:20.306976+00:00,,3644,,,
synthetic_invert_conditional,rodada-1-django__django-16502-rep1-synthetic_invert_conditional-3490b5ce,django__django-16502,1,medium,django/django,75e4f0b2b93bea08,not_resolved,approve,detective,(no justification produced),,none,0,"detective_pr,communicator",3648,16.814,FP,logs/run_evaluation/eval-rodada-1-django__django-16502-synthetic_invert_conditional-input-rep1/masops-eval/django__django-16502/report.json,,2026-05-18T14:55:20.307517+00:00,2026-05-18T14:56:04.323325+00:00,,3648,,,
gold,rodada-1-scikit-learn__scikit-learn-13439-rep1-gold-ecc89e43,scikit-learn__scikit-learn-13439,1,easy,scikit-learn/scikit-learn,137b29ccacb6a041,resolved,approve,detective,Detective root_cause: No material issues found,,none,0,"detective_pr,communicator",1647,5.468,TP,logs/run_evaluation/eval-rodada-1-scikit-learn__scikit-learn-13439-gold-input-rep1/masops-eval/scikit-learn__scikit-learn-13439/report.json,,2026-05-18T14:23:58.361268+00:00,2026-05-18T14:24:28.867067+00:00,,1647,,,
synthetic_remove_critical_line,rodada-1-scikit-learn__scikit-learn-13439-rep1-synthetic_remove_critical_line-ed594000,scikit-learn__scikit-learn-13439,1,easy,scikit-learn/scikit-learn,c07b0f9c7ef8b753,not_resolved,reject,fixer_guardian_loop,"Detective root_cause: The __len__ method has no implementation and will implicitly return None. Python's len() expects __len__ to return an integer, so calling len() on a Pipeline object will raise a TypeError ('NoneType' object cannot be interpreted as an integer).

Guardian notes: The plan correctly identifies the root cause (missing return statement in __len__) and proposes a minimal, targeted fix. The single-line change `return len(self.steps)` is the canonical implementation for this type of wrapper class. The plan is complete, feasible, and appropriately scoped.

Suggestions: Consider adding a simple unit test to verify that len(pipeline) returns the correct integer value equal to the number of steps, to prevent regression.",,none,1,"detective_pr,fixer,fixer_guardian,communicator",4188,82.222,TN,logs/run_evaluation/eval-rodada-1-scikit-learn__scikit-learn-13439-synthetic_remove_critical_line-input-rep1/masops-eval/scikit-learn__scikit-learn-13439/report.json,,2026-05-18T14:24:28.867501+00:00,2026-05-18T14:26:15.869228+00:00,,1780,1512.0,896.0,
gold,rodada-1-sphinx-doc__sphinx-8638-rep1-gold-11f3d116,sphinx-doc__sphinx-8638,1,medium,sphinx-doc/sphinx,4082b41a4d201255,resolved,approve,detective,Detective root_cause: No material issues found,,none,0,"detective_pr,communicator",2423,8.863,TP,logs/run_evaluation/eval-rodada-1-sphinx-doc__sphinx-8638-gold-input-rep1/masops-eval/sphinx-doc__sphinx-8638/report.json,,2026-05-18T14:56:04.323687+00:00,2026-05-18T14:57:04.059697+00:00,,2423,,,
synthetic_expand_scope,rodada-1-sphinx-doc__sphinx-8638-rep1-synthetic_expand_scope-4c97951e,sphinx-doc__sphinx-8638,1,medium,sphinx-doc/sphinx,c9a8fb63aba57f87,resolved,approve,detective,Detective root_cause: No material issues found,,none,0,"detective_pr,communicator",2523,11.506,TP,logs/run_evaluation/eval-rodada-1-sphinx-doc__sphinx-8638-synthetic_expand_scope-input-rep1/masops-eval/sphinx-doc__sphinx-8638/report.json,,2026-05-18T14:57:04.060135+00:00,2026-05-18T14:57:41.520862+00:00,,2523,,,
gold,rodada-1-sphinx-doc__sphinx-9281-rep1-gold-e553c69f,sphinx-doc__sphinx-9281,1,easy,sphinx-doc/sphinx,28588707b97ce7cc,resolved,approve,detective,Detective root_cause: No material issues found,,none,0,"detective_pr,communicator",3008,17.434,TP,logs/run_evaluation/eval-rodada-1-sphinx-doc__sphinx-9281-gold-input-rep1/masops-eval/sphinx-doc__sphinx-9281/report.json,,2026-05-18T14:26:15.869590+00:00,2026-05-18T14:26:57.241439+00:00,,3008,,,
synthetic_remove_addition,rodada-1-sphinx-doc__sphinx-9281-rep1-synthetic_remove_addition-9b0e4a44,sphinx-doc__sphinx-9281,1,easy,sphinx-doc/sphinx,23da236b0eec8b69,not_resolved,reject,fixer_guardian_loop,"Detective root_cause: The PR removes the 'if isinstance(object, set):' check, leaving the subsequent 'try:' block with invalid indentation. It also makes the following 'elif isinstance(object, frozenset):' invalid because it lacks a matching preceding 'if' statement, resulting in a SyntaxError.

Guardian notes: The plan correctly identifies the root cause (missing `if isinstance(object, set):` statement causing invalid indentation and a dangling `elif`) and proposes a minimal, targeted fix to restore the accidentally removed line. The steps are clear, executable, and correctly ordered. The scope is minimal - only one file needs modification and only one line needs to be restored. The risk is low as it simply reverts an accidental deletion of existing logic.

Suggestions: Consider verifying the exact indentation level of the restored `if isinstance(object, set):` line matches the surrounding `elif` and `else` branches to ensure structural consistency.; After applying the fix, running the existing test suite (especially any tests covering `object_description` or set/frozenset handling) would help confirm no regressions were introduced.",,none,1,"detective_pr,fixer,fixer_guardian,communicator",6510,102.815,TN,logs/run_evaluation/eval-rodada-1-sphinx-doc__sphinx-9281-synthetic_remove_addition-input-rep1/masops-eval/sphinx-doc__sphinx-9281/report.json,,2026-05-18T14:26:57.241881+00:00,2026-05-18T14:29:04.238882+00:00,,3204,2287.0,1019.0,
gold,rodada-1-sphinx-doc__sphinx-9658-rep1-gold-b0fe954b,sphinx-doc__sphinx-9658,1,medium,sphinx-doc/sphinx,dcfa40badfe17d85,resolved,approve,detective,Detective root_cause: No material issues found,,none,0,"detective_pr,communicator",2443,7.223,TP,logs/run_evaluation/eval-rodada-1-sphinx-doc__sphinx-9658-gold-input-rep1/masops-eval/sphinx-doc__sphinx-9658/report.json,,2026-05-18T14:57:41.521256+00:00,2026-05-18T14:58:15.187642+00:00,,2443,,,
synthetic_remove_critical_line,rodada-1-sphinx-doc__sphinx-9658-rep1-synthetic_remove_critical_line-0529e6c0,sphinx-doc__sphinx-9658,1,medium,sphinx-doc/sphinx,b4737dc2c971fefb,not_resolved,approve,detective,(no justification produced),,none,0,"detective_pr,communicator",3908,16.123,FP,logs/run_evaluation/eval-rodada-1-sphinx-doc__sphinx-9658-synthetic_remove_critical_line-input-rep1/masops-eval/sphinx-doc__sphinx-9658/report.json,,2026-05-18T14:58:15.188130+00:00,2026-05-18T14:58:55.937194+00:00,,3908,,,
gold,rodada-1-sympy__sympy-14711-rep1-gold-90c86c32,sympy__sympy-14711,1,easy,sympy/sympy,603fc55c24e66a70,resolved,approve,detective,Detective root_cause: No material issues found,,none,0,"detective_pr,communicator",2951,19.771,TP,logs/run_evaluation/eval-rodada-1-sympy__sympy-14711-gold-input-rep1/masops-eval/sympy__sympy-14711/report.json,,2026-05-18T14:29:04.239294+00:00,2026-05-18T14:29:50.328155+00:00,,2951,,,
synthetic_invert_conditional,rodada-1-sympy__sympy-14711-rep1-synthetic_invert_conditional-e156fae6,sympy__sympy-14711,1,easy,sympy/sympy,fc4f71b25170c9b5,not_resolved,reject,fixer_guardian_loop,"Detective root_cause: The condition `if other != 0: return self` completely breaks vector addition. It will return `self` for any non-zero operand instead of adding the vectors, and will still proceed to `_check_vector(0)` when `other` is 0, resulting in the original TypeError.

Guardian notes: The plan correctly identifies the root cause (inverted condition `if other != 0` instead of `if other == 0`) and proposes a minimal, targeted fix. The change is isolated to a single operator in one method, addresses the exact bug described, and restores correct mathematical behavior for both the zero-operand case (used by Python's `sum()`) and normal vector addition. The risk assessment is accurate.

Suggestions: Consider adding a unit test that exercises `sum([v1, v2, v3])` with Vector objects to prevent regression, since this is the primary use case that was broken.",,none,1,"detective_pr,fixer,fixer_guardian,communicator",4507,99.297,TN,logs/run_evaluation/eval-rodada-1-sympy__sympy-14711-synthetic_invert_conditional-input-rep1/masops-eval/sympy__sympy-14711/report.json,,2026-05-18T14:29:50.328589+00:00,2026-05-18T14:31:53.843122+00:00,,1758,1722.0,1027.0,
gold,rodada-1-sympy__sympy-20916-rep1-gold-c2b01c1d,sympy__sympy-20916,1,easy,sympy/sympy,2a3a6996ca7c8b9f,resolved,approve,detective,Detective root_cause: No material issues found,,none,0,"detective_pr,communicator",1900,11.009,TP,logs/run_evaluation/eval-rodada-1-sympy__sympy-20916-gold-input-rep1/masops-eval/sympy__sympy-20916/report.json,,2026-05-18T14:31:53.843488+00:00,2026-05-18T14:32:32.145530+00:00,,1900,,,
synthetic_expand_scope,rodada-1-sympy__sympy-20916-rep1-synthetic_expand_scope-ffc30efd,sympy__sympy-20916,1,easy,sympy/sympy,80a6f27b711c596d,resolved,approve,detective,Detective root_cause: No material issues found,,none,0,"detective_pr,communicator",2268,11.041,TP,logs/run_evaluation/eval-rodada-1-sympy__sympy-20916-synthetic_expand_scope-input-rep1/masops-eval/sympy__sympy-20916/report.json,,2026-05-18T14:32:32.145969+00:00,2026-05-18T14:33:07.236509+00:00,,2268,,,
gold,rodada-1-sympy__sympy-21847-rep1-gold-4866a150,sympy__sympy-21847,1,easy,sympy/sympy,6968f37a7e4a10e6,resolved,approve,detective,Detective root_cause: No material issues found,,none,0,"detective_pr,communicator",1641,5.662,TP,logs/run_evaluation/eval-rodada-1-sympy__sympy-21847-gold-input-rep1/masops-eval/sympy__sympy-21847/report.json,,2026-05-18T14:33:07.236859+00:00,2026-05-18T14:33:40.223982+00:00,,1641,,,
synthetic_remove_critical_line,rodada-1-sympy__sympy-21847-rep1-synthetic_remove_critical_line-daf48ae5,sympy__sympy-21847,1,easy,sympy/sympy,e3b095838733ebd9,not_resolved,approve,detective,(no justification produced),,none,0,"detective_pr,communicator",3246,15.05,FP,logs/run_evaluation/eval-rodada-1-sympy__sympy-21847-synthetic_remove_critical_line-input-rep1/masops-eval/sympy__sympy-21847/report.json,,2026-05-18T14:33:40.224436+00:00,2026-05-18T14:34:19.325738+00:00,,3246,,,
gold,rodada-1-sympy__sympy-24213-rep1-gold-471b5138,sympy__sympy-24213,1,medium,sympy/sympy,070dcd3e530c9154,resolved,approve,detective,Detective root_cause: No material issues found,,none,0,"detective_pr,communicator",1467,5.458,TP,logs/run_evaluation/eval-rodada-1-sympy__sympy-24213-gold-input-rep1/masops-eval/sympy__sympy-24213/report.json,,2026-05-18T14:58:55.937548+00:00,2026-05-18T14:59:32.164671+00:00,,1467,,,
synthetic_remove_addition,rodada-1-sympy__sympy-24213-rep1-synthetic_remove_addition-ec6dacb8,sympy__sympy-24213,1,medium,sympy/sympy,3a9208da7f6cb001,not_resolved,reject,fixer_guardian_loop,"Detective root_cause: The PR improperly removes the `if dim != addend_dim:` condition while leaving the `raise ValueError` block underneath it intact. This will result in either an IndentationError or an unconditional ValueError being raised whenever there is more than one argument in an Addition.

Guardian notes: The plan correctly identifies the root cause (missing `if dim != addend_dim:` conditional guard before the `raise ValueError`) and proposes a targeted, minimal fix to restore it. The single file modification is appropriate, the step is clear and executable, and the risk is low since it restores previously correct behavior. The plan appropriately notes the possibility of using an equivalence check if that was the PR's intent, showing awareness of the broader context.

Suggestions: Clarify whether the restored condition should use the original `dim != addend_dim` equality check or a dimension-equivalence method (e.g., `equivalent_dims`), as the PR may have had a legitimate intent to use a more robust comparison. The implementation step should be explicit about which form to use to avoid ambiguity.; Add a note to verify existing unit tests pass after the fix, and consider adding a regression test for the case where Addition arguments have compatible dimensions to confirm no unconditional ValueError is raised.",,none,1,"detective_pr,fixer,fixer_guardian,communicator",5626,100.538,TN,logs/run_evaluation/eval-rodada-1-sympy__sympy-24213-synthetic_remove_addition-input-rep1/masops-eval/sympy__sympy-24213/report.json,,2026-05-18T14:59:32.165133+00:00,2026-05-18T15:01:37.848365+00:00,,2388,2156.0,1082.0,
